,actor,role,film,year,winner
0,Emil Jannings [A],Grand Duke Sergius Alexander,The Last Command,1927,1
1,Richard Barthelmess,Nickie Elkins,The Noose,1927,0
2,Warner Baxter ,The Cisco Kid,In Old Arizona,1928,1
3,George Bancroft,Thunderbolt Jim Lang,Thunderbolt,1928,0
4,Chester Morris,Chick Williams,Alibi,1928,0
5,Paul Muni,James Dyke,The Valiant,1928,0
6,Lewis Stone,Count Pahlen,The Patriot,1928,0
7,George Arliss [B],Benjamin Disraeli,Disraeli,1929,1
8,George Arliss[B],The Raja,The Green Goddess,1929,0
9,Wallace Beery,"Butch ""Machine Gun"" Schmidt",The Big House,1929,0
10,Maurice Chevalier [B],Pierre Mirande,The Big Pond,1929,0
11,Ronald Colman [B],"Capt. Hugh ""Bulldog"" Drummond",Bulldog Drummond,1929,0
12,Lawrence Tibbett,Yegor,The Rogue Song,1929,0
13,Lionel Barrymore ,Stephen Ashe,A Free Soul,1930,1
14,Jackie Cooper,Skippy Skinner,Skippy,1930,0
15,Richard Dix,Yancey Cravat,Cimarron,1930,0
16,Fredric March,Tony Cavendish,The Royal Family of Broadway,1930,0
17,Adolphe Menjou,Walter Burns,The Front Page,1930,0
18,Wallace Beery  (TIE) [C],"Andy ""Champ"" Purcell",The Champ,1931,1
19,Fredric March  (TIE) [C],Dr. Henry Jekyll / Mr. Edward Hyde,Dr. Jekyll and Mr. Hyde,1931,1
20,Alfred Lunt,The Actor,The Guardsman,1931,0
21,Charles Laughton ,King Henry VIII,The Private Life of Henry VIII,1932,1
22,Leslie Howard,Peter Standish,Berkeley Square,1932,0
23,Paul Muni,James Allen,I Am a Fugitive from a Chain Gang,1932,0
24,Clark Gable ,Peter Warne,It Happened One Night,1934,1
25,Frank Morgan,"Alessandro, Duke of Florence",The Affairs of Cellini,1934,0
26,William Powell,Nick Charles,The Thin Man,1934,0
27,Victor McLaglen ,Gypo Nolan,The Informer,1935,1
28,Clark Gable,Lt. Fletcher Christian,Mutiny on the Bounty,1935,0
29,Paul Muni ,Louis Pasteur,The Story of Louis Pasteur,1936,1
30,Gary Cooper,Longfellow Deeds,Mr. Deeds Goes to Town,1936,0
31,Walter Huston,Sam Dodsworth,Dodsworth,1936,0
32,William Powell,Godfrey Park,My Man Godfrey,1936,0
33,Spencer Tracy,Father Tim Mullin,San Francisco,1936,0
34,Spencer Tracy ,Manuel Fidello,Captains Courageous,1937,1
35,Charles Boyer,Emperor Napoleon Bonaparte,Conquest,1937,0
36,Fredric March,Norman Maine,A Star Is Born,1937,0
37,Robert Montgomery,Danny,Night Must Fall,1937,0
38,Paul Muni,Émile Zola,The Life of Emile Zola,1937,0
39,Spencer Tracy ,Father Flanagan,Boys Town,1938,1
40,Charles Boyer,Pepe le Moko,Algiers,1938,0
41,James Cagney,Rocky Sullivan,Angels with Dirty Faces,1938,0
42,Robert Donat,Dr. Andrew Manson,The Citadel,1938,0
43,Leslie Howard,Professor Henry Higgins,Pygmalion,1938,0
44,Robert Donat ,Charles Edward Chipping,"Goodbye, Mr. Chips",1939,1
45,Clark Gable,Rhett Butler,Gone with the Wind,1939,0
46,Laurence Olivier,Heathcliff,Wuthering Heights,1939,0
47,Mickey Rooney,Mickey Moran,Babes in Arms,1939,0
48,James Stewart,Jefferson Smith,Mr. Smith Goes to Washington,1939,0
49,James Stewart ,"Macaulay ""Mike"" Connor",The Philadelphia Story,1940,1
50,Charlie Chaplin,"Adenoid Hynkel and ""The Barber""",The Great Dictator,1940,0
51,Henry Fonda,Tom Joad,The Grapes of Wrath,1940,0
52,Raymond Massey,Abraham Lincoln,Abe Lincoln in Illinois,1940,0
53,Laurence Olivier,"Maximilian ""Maxim"" de Winter",Rebecca,1940,0
54,Gary Cooper ,Sgt. Alvin York,Sergeant York,1941,1
55,Cary Grant,Roger Adams,Penny Serenade,1941,0
56,Walter Huston,Mr. Scratch,The Devil and Daniel Webster,1941,0
57,Robert Montgomery,Joe Pendleton,Here Comes Mr. Jordan,1941,0
58,Orson Welles,Charles Foster Kane,Citizen Kane,1941,0
59,James Cagney ,George M. Cohan,Yankee Doodle Dandy,1942,1
60,Ronald Colman,Charles Rainier,Random Harvest,1942,0
61,Gary Cooper,Lou Gehrig,The Pride of the Yankees,1942,0
62,Walter Pidgeon,Clem Miniver,Mrs. Miniver,1942,0
63,Monty Woolley,Howard,The Pied Piper,1942,0
64,Paul Lukas ,Kurt Muller,Watch on the Rhine,1943,1
65,Humphrey Bogart,Rick Blaine,Casablanca,1943,0
66,Gary Cooper,Robert Jordan,For Whom the Bell Tolls,1943,0
67,Walter Pidgeon,Pierre Curie,Madame Curie,1943,0
68,Mickey Rooney,Homer Macauley,The Human Comedy,1943,0
69,Bing Crosby ,Father Chuck O'Malley,Going My Way,1944,1
70,Charles Boyer,Gregory Anton,Gaslight,1944,0
71,Barry Fitzgerald,Father Fitzgibbon,Going My Way,1944,0
72,Cary Grant,Ernie Mott,None but the Lonely Heart,1944,0
73,Alexander Knox,Woodrow Wilson,Wilson,1944,0
74,Ray Milland ,Don Birnam,The Lost Weekend,1945,1
75,Bing Crosby,Father Chuck O'Malley,The Bells of St. Mary's,1945,0
76,Gene Kelly,Joseph Brady,Anchors Aweigh,1945,0
77,Gregory Peck,Father Francis,The Keys of the Kingdom,1945,0
78,Cornel Wilde,Frédéric Chopin,A Song to Remember,1945,0
79,Fredric March ,Platoon Sergeant Al Stephenson,The Best Years of Our Lives,1946,1
80,Laurence Olivier,King Henry V of England,Henry V,1946,0
81,Larry Parks,Al Jolson,The Jolson Story,1946,0
82,Gregory Peck,"Ezra ""Penny"" Baxter",The Yearling,1946,0
83,James Stewart,George Bailey,It's a Wonderful Life,1946,0
84,Ronald Colman ,Anthony John,A Double Life,1947,1
85,John Garfield,Charlie Davis,Body and Soul,1947,0
86,Gregory Peck,Philip Schuyler Green,Gentleman's Agreement,1947,0
87,William Powell,"Clarence Day, Sr.",Life with Father,1947,0
88,Michael Redgrave,Orin Mannon,Mourning Becomes Electra,1947,0
89,Laurence Olivier ,"Hamlet, Prince of Denmark",Hamlet,1948,1
90,Lew Ayres,Dr. Robert Richardson,Johnny Belinda,1948,0
91,Montgomery Clift,"Ralph ""Steve"" Stevenson",The Search,1948,0
92,Dan Dailey,"""Skid"" Johnson",When My Baby Smiles at Me,1948,0
93,Clifton Webb,Lynn Aloysius Belvedere,Sitting Pretty,1948,0
94,Broderick Crawford ,Willie Stark,All the King's Men,1949,1
95,Kirk Douglas,"Michael ""Midge"" Kelly",Champion,1949,0
96,Gregory Peck,Brig. General Frank Savage,Twelve O'Clock High,1949,0
97,Richard Todd,"Cpl. Lachlan ""Lachie"" MacLachlan",The Hasty Heart,1949,0
98,John Wayne,Sergeant John M. Stryker,Sands of Iwo Jima,1949,0
99,José Ferrer ,Cyrano de Bergerac,Cyrano de Bergerac,1950,1
100,Louis Calhern,Oliver Wendell Holmes,The Magnificent Yankee,1950,0
101,William Holden,Joe Gillis,Sunset Boulevard,1950,0
102,James Stewart,Elwood P. Dowd,Harvey,1950,0
103,Spencer Tracy,Stanley T. Banks,Father of the Bride,1950,0
104,Humphrey Bogart ,Charlie Allnut,The African Queen,1951,1
105,Marlon Brando,Stanley Kowalski,A Streetcar Named Desire,1951,0
106,Montgomery Clift,George Eastman,A Place in the Sun,1951,0
107,Arthur Kennedy,Larry Nevins,Bright Victory,1951,0
108,Fredric March,Willy Loman,Death of a Salesman,1951,0
109,Gary Cooper ,Marshal Will Kane,High Noon,1952,1
110,Marlon Brando,Emiliano Zapata,Viva Zapata!,1952,0
111,Kirk Douglas,Jonathan Shields,The Bad and the Beautiful,1952,0
112,José Ferrer,Henri de Toulouse-Lautrec and Comte Alphonse de Toulouse-Lautrec,Moulin Rouge,1952,0
113,Alec Guinness,Henry Holland,The Lavender Hill Mob,1952,0
114,William Holden ,Sgt. J.J. Sefton,Stalag 17,1953,1
115,Marlon Brando,Mark Antony,Julius Caesar,1953,0
116,Richard Burton,Marcellus Gallio,The Robe,1953,0
117,Montgomery Clift,"Pvt. Robert E. Lee ""Prew"" Prewitt",From Here to Eternity,1953,0
118,Marlon Brando ,Terry Malloy,On the Waterfront,1954,1
119,Humphrey Bogart,Lt. Cmdr. Philip Francis Queeg,The Caine Mutiny,1954,0
120,Bing Crosby,Frank Elgin,The Country Girl,1954,0
121,James Mason,Norman Maine,A Star Is Born,1954,0
122,Dan O'Herlihy,Robinson Crusoe,Robinson Crusoe,1954,0
123,Ernest Borgnine ,Marty Piletti,Marty,1955,1
124,James Cagney,Martin Snyder,Love Me or Leave Me,1955,0
125,James Dean (posthumous),Cal Trask,East of Eden,1955,0
126,Frank Sinatra,Frankie Machine,The Man with the Golden Arm,1955,0
127,Spencer Tracy,John J. Macreedy,Bad Day at Black Rock,1955,0
128,Yul Brynner ,King Mongkut of Siam,The King and I,1956,1
129,James Dean (posthumous),Jett Rink,Giant,1956,0
130,Kirk Douglas,Vincent van Gogh,Lust for Life,1956,0
131,Rock Hudson,"Jordan ""Bick"" Benedict Jr.",Giant,1956,0
132,Laurence Olivier,King Richard III of England,Richard III,1956,0
133,Alec Guinness ,Lt. Colonel Nicholson,The Bridge on the River Kwai,1957,1
134,Marlon Brando,"Major Lloyd ""Ace"" Gruver, USAF",Sayonara,1957,0
135,Anthony Franciosa,Polo Pope,A Hatful of Rain,1957,0
136,Charles Laughton,Sir Wilfrid Robarts,Witness for the Prosecution,1957,0
137,Anthony Quinn,Gino,Wild Is the Wind,1957,0
138,David Niven ,Major Angus Pollock,Separate Tables,1958,1
139,Tony Curtis,"John ""Joker"" Jackson",The Defiant Ones,1958,0
140,Paul Newman,Brick Pollitt,Cat on a Hot Tin Roof,1958,0
141,Sidney Poitier,Noah Cullen,The Defiant Ones,1958,0
142,Spencer Tracy,The Old Man,The Old Man and the Sea,1958,0
143,Charlton Heston ,Judah Ben-Hur,Ben-Hur,1959,1
144,Laurence Harvey,Joe Lampton,Room at the Top,1959,0
145,Jack Lemmon,Jerry / Daphne,Some Like It Hot,1959,0
146,Paul Muni,Dr. Sam Abelman,The Last Angry Man,1959,0
147,James Stewart,Paul Biegler,Anatomy of a Murder,1959,0
148,Burt Lancaster ,Elmer Gantry,Elmer Gantry,1960,1
149,Trevor Howard,Walter Morel,Sons and Lovers,1960,0
150,Jack Lemmon,"C. C. ""Bud"" Baxter",The Apartment,1960,0
151,Laurence Olivier,Archie Rice,The Entertainer,1960,0
152,Spencer Tracy,Henry Drummond,Inherit the Wind,1960,0
153,Maximilian Schell ,Hans Rolfe,Judgment at Nuremberg,1961,1
154,Charles Boyer,Cesar,Fanny,1961,0
155,Paul Newman,Eddie Felson,The Hustler,1961,0
156,Spencer Tracy,Chief Judge Dan Haywood,Judgment at Nuremberg,1961,0
157,Stuart Whitman,Jim Fuller,The Mark,1961,0
158,Gregory Peck ,Atticus Finch,To Kill a Mockingbird,1962,1
159,Burt Lancaster,Robert Stroud,Birdman of Alcatraz,1962,0
160,Jack Lemmon,Joe Clay,Days of Wine and Roses,1962,0
161,Marcello Mastroianni,Ferdinando Cefalù,Divorce Italian Style,1962,0
162,Peter O'Toole,T. E. Lawrence,Lawrence of Arabia,1962,0
163,Sidney Poitier ,Homer Smith,Lilies of the Field,1963,1
164,Albert Finney,Tom Jones,Tom Jones,1963,0
165,Richard Harris,Frank Machin,This Sporting Life,1963,0
166,Rex Harrison,Julius Caesar,Cleopatra,1963,0
167,Paul Newman,Hud Bannon,Hud,1963,0
168,Rex Harrison ,Professor Henry Higgins,My Fair Lady,1964,1
169,Richard Burton,Thomas Becket,Becket,1964,0
170,Anthony Quinn,Alexis Zorba,Zorba the Greek,1964,0
171,Peter Sellers,"Group Captain Lionel Mandrake, President Merkin Muffley, and Dr. Strangelove",Dr. Strangelove,1964,0
172,Lee Marvin ,Kid Shelleen and Tim Strawn,Cat Ballou,1965,1
173,Richard Burton,Alec Leamas,The Spy Who Came In from the Cold,1965,0
174,Laurence Olivier,Othello,Othello,1965,0
175,Rod Steiger,Sol Nazerman,The Pawnbroker,1965,0
176,Oskar Werner,Willie Schumann,Ship of Fools,1965,0
177,Paul Scofield ,Sir Thomas More,A Man for All Seasons,1966,1
178,Alan Arkin,Lt. Rozanov,"The Russians Are Coming, the Russians Are Coming",1966,0
179,Richard Burton,George,Who's Afraid of Virginia Woolf?,1966,0
180,Michael Caine,Alfie Elkins,Alfie,1966,0
181,Steve McQueen,Jake Holman,The Sand Pebbles,1966,0
182,Rod Steiger ,Police Chief Bill Gillespie,In the Heat of the Night,1967,1
183,Warren Beatty,Clyde Barrow,Bonnie and Clyde,1967,0
184,Dustin Hoffman,Benjamin Braddock,The Graduate,1967,0
185,Paul Newman,"Lucas ""Cool Hand Luke"" Jackson",Cool Hand Luke,1967,0
186,Spencer Tracy (posthumous),Matt Drayton,Guess Who's Coming to Dinner,1967,0
187,Cliff Robertson ,Charly Gordon,Charly,1968,1
188,Alan Arkin,John Singer,The Heart Is a Lonely Hunter,1968,0
189,Alan Bates,Yakov Bok,The Fixer,1968,0
190,Ron Moody,Fagin,Oliver!,1968,0
191,Peter O'Toole,King Henry II of England,The Lion in Winter,1968,0
192,John Wayne ,"Reuben ""Rooster"" Cogburn",True Grit,1969,1
193,Richard Burton,King Henry VIII,Anne of the Thousand Days,1969,0
194,Dustin Hoffman,"Enrico Salvatore ""Ratso"" ""Rico"" Rizzo",Midnight Cowboy,1969,0
195,Peter O'Toole,Arthur Chipping,"Goodbye, Mr. Chips",1969,0
196,Jon Voight,Joe Buck,Midnight Cowboy,1969,0
197,George C. Scott §[52],General George S. Patton Jr.,Patton,1970,1
198,Melvyn Douglas,Tom Garrison,I Never Sang for My Father,1970,0
199,James Earl Jones,Jack Jefferson,The Great White Hope,1970,0
200,Jack Nicholson,Robert Eroica Dupea,Five Easy Pieces,1970,0
201,Ryan O'Neal,Oliver Barrett IV,Love Story,1970,0
202,Gene Hackman ,"Detective Jimmy ""Popeye"" Doyle",The French Connection,1971,1
203,Peter Finch,Dr. Daniel Hirsh,Sunday Bloody Sunday,1971,0
204,Walter Matthau,Joseph P. Kotcher,Kotch,1971,0
205,George C. Scott,Dr. Herbert Bock,The Hospital,1971,0
206,Topol,Tevye,Fiddler on the Roof,1971,0
207,Marlon Brando §[52],Vito Corleone,The Godfather,1972,1
208,Michael Caine,Milo Tindle,Sleuth,1972,0
209,Peter O'Toole,"Jack Gurney, 14th Earl of Gurney",The Ruling Class,1972,0
210,Paul Winfield,Nathan Lee Morgan,Sounder,1972,0
211,Jack Lemmon ,Harry Stoner,Save the Tiger,1973,1
212,Marlon Brando,Paul,Last Tango in Paris,1973,0
213,Jack Nicholson,"Signalman First Class Billy L. ""Badass"" Buddusky",The Last Detail,1973,0
214,Al Pacino,Frank Serpico,Serpico,1973,0
215,Robert Redford,"Johnny ""Kelly"" Hooker",The Sting,1973,0
216,Art Carney ,Harry Coombes,Harry and Tonto,1974,1
217,Albert Finney,Hercule Poirot,Murder on the Orient Express,1974,0
218,Dustin Hoffman,Lenny Bruce,Lenny,1974,0
219,Jack Nicholson,"J. J. ""Jake"" Gittes",Chinatown,1974,0
220,Al Pacino,Michael Corleone,The Godfather Part II,1974,0
221,Jack Nicholson ,"Randle Patrick ""Mac"" McMurphy",One Flew Over the Cuckoo's Nest,1975,1
222,Walter Matthau,Willy Clark,The Sunshine Boys,1975,0
223,Al Pacino,Sonny Wortzik,Dog Day Afternoon,1975,0
224,Maximilian Schell,Arthur Goldman,The Man in the Glass Booth,1975,0
225,James Whitmore,Harry S. Truman,"Give 'em Hell, Harry!",1975,0
226,Peter Finch †,Howard Beale,Network,1976,1
227,Robert De Niro,Travis Bickle,Taxi Driver,1976,0
228,Giancarlo Giannini,Pasqualino Frafuso,Seven Beauties,1976,0
229,William Holden,Max Schumacher,Network,1976,0
230,Sylvester Stallone,Rocky Balboa,Rocky,1976,0
231,Richard Dreyfuss ,Elliot Garfield,The Goodbye Girl,1977,1
232,Woody Allen,Alvy Singer,Annie Hall,1977,0
233,Richard Burton,Martin Dysart,Equus,1977,0
234,Marcello Mastroianni,Gabriele,A Special Day,1977,0
235,John Travolta,"Anthony ""Tony"" Manero",Saturday Night Fever,1977,0
236,Jon Voight ,Luke Martin,Coming Home,1978,1
237,Warren Beatty,Joe Pendleton,Heaven Can Wait,1978,0
238,Gary Busey,Buddy Holly,The Buddy Holly Story,1978,0
239,Robert De Niro,Michael Vronsky,The Deer Hunter,1978,0
240,Laurence Olivier,Ezra Lieberman,The Boys from Brazil,1978,0
241,Dustin Hoffman ,Ted Kramer,Kramer vs. Kramer,1979,1
242,Jack Lemmon,Jack Godell,The China Syndrome,1979,0
243,Al Pacino,Arthur Kirkland,...And Justice for All.,1979,0
244,Roy Scheider,Joe Gideon,All That Jazz,1979,0
245,Peter Sellers,Chauncey Gardiner,Being There,1979,0
246,Robert De Niro ,Jake LaMotta,Raging Bull,1980,1
247,Robert Duvall,"Lt. Col. Wilbur ""Bull"" Meechum",The Great Santini,1980,0
248,John Hurt,John Merrick,The Elephant Man,1980,0
249,Jack Lemmon,Scottie Templeton,Tribute,1980,0
250,Peter O'Toole,Eli Cross,The Stunt Man,1980,0
251,Henry Fonda ,Norman Thayer Jr.,On Golden Pond,1981,1
252,Warren Beatty,"John Silas ""Jack"" Reed",Reds,1981,0
253,Burt Lancaster,Lou Pascal,Atlantic City,1981,0
254,Dudley Moore,Arthur Bach,Arthur,1981,0
255,Paul Newman,Michael Colin Gallagher,Absence of Malice,1981,0
256,Ben Kingsley ,Mahatma Gandhi,Gandhi,1982,1
257,Dustin Hoffman,Michael Dorsey / Dorothy Michaels,Tootsie,1982,0
258,Jack Lemmon,Edmund Horman,Missing,1982,0
259,Paul Newman,Frank Galvin,The Verdict,1982,0
260,Peter O'Toole,Alan Swann,My Favorite Year,1982,0
261,Robert Duvall ,Mac Sledge,Tender Mercies,1983,1
262,Michael Caine,Dr. Frank Bryant,Educating Rita,1983,0
263,Tom Conti,Gowan McGland,"Reuben, Reuben",1983,0
264,Tom Courtenay,Norman,The Dresser,1983,0
265,F. Murray Abraham ,Antonio Salieri,Amadeus,1984,1
266,Jeff Bridges,Starman,Starman,1984,0
267,Albert Finney,Geoffrey Firmin,Under the Volcano,1984,0
268,Tom Hulce,Wolfgang Amadeus Mozart,Amadeus,1984,0
269,Sam Waterston,Sydney Schanberg,The Killing Fields,1984,0
270,William Hurt ,Luis Molina,Kiss of the Spider Woman,1985,1
271,Harrison Ford,Detective Captain John Book,Witness,1985,0
272,James Garner,Murphy Jones,Murphy's Romance,1985,0
273,Jack Nicholson,Charley Partanna,Prizzi's Honor,1985,0
274,Jon Voight,"Oscar ""Manny"" Manheim",Runaway Train,1985,0
275,Paul Newman ,Fast Eddie Felson,The Color of Money,1986,1
276,Dexter Gordon,Dale Turner,Round Midnight,1986,0
277,Bob Hoskins,George,Mona Lisa,1986,0
278,William Hurt,James Leeds,Children of a Lesser God,1986,0
279,James Woods,Richard Boyle,Salvador,1986,0
280,Michael Douglas ,Gordon Gekko,Wall Street,1987,1
281,William Hurt,Tom Grunick,Broadcast News,1987,0
282,Marcello Mastroianni,Romano,Dark Eyes,1987,0
283,Jack Nicholson,Francis Phelan,Ironweed,1987,0
284,Robin Williams,Adrian Cronauer,"Good Morning, Vietnam",1987,0
285,Dustin Hoffman ,Raymond Babbitt,Rain Man,1988,1
286,Gene Hackman,Agent Rupert Anderson,Mississippi Burning,1988,0
287,Tom Hanks,Josh Baskin,Big,1988,0
288,Edward James Olmos,Jaime Escalante,Stand and Deliver,1988,0
289,Max von Sydow,Lassefar,Pelle the Conqueror,1988,0
290,Daniel Day-Lewis ,Christy Brown,My Left Foot,1989,1
291,Kenneth Branagh,King Henry V of England,Henry V,1989,0
292,Tom Cruise,Ron Kovic,Born on the Fourth of July,1989,0
293,Morgan Freeman,Hoke Colburn,Driving Miss Daisy,1989,0
294,Robin Williams,"John Charles ""Keats"" Keating",Dead Poets Society,1989,0
295,Jeremy Irons ,Claus von Bülow,Reversal of Fortune,1990,1
296,Kevin Costner,Lieutenant John J. Dunbar,Dances with Wolves,1990,0
297,Robert De Niro,Leonard Lowe,Awakenings,1990,0
298,Gérard Depardieu,Cyrano de Bergerac,Cyrano de Bergerac,1990,0
299,Richard Harris,"""Bull"" McCabe",The Field,1990,0
300,Anthony Hopkins ,Dr. Hannibal Lecter,The Silence of the Lambs,1991,1
301,Warren Beatty,"Benjamin ""Bugsy"" Siegel",Bugsy,1991,0
302,Robert De Niro,"Maximilian ""Max"" Cady",Cape Fear,1991,0
303,Nick Nolte,Tom Wingo,The Prince of Tides,1991,0
304,Robin Williams,"Henry ""Parry"" Sagan",The Fisher King,1991,0
305,Al Pacino ,Lieutenant Colonel Frank Slade,Scent of a Woman,1992,1
306,Robert Downey Jr.,Charlie Chaplin,Chaplin,1992,0
307,Clint Eastwood,"William ""Will"" Munny",Unforgiven,1992,0
308,Stephen Rea,Fergus,The Crying Game,1992,0
309,Denzel Washington,Malcolm X,Malcolm X,1992,0
310,Tom Hanks ,"Andrew ""Andy"" Beckett",Philadelphia,1993,1
311,Daniel Day-Lewis,Gerry Conlon,In the Name of the Father,1993,0
312,Laurence Fishburne,Ike Turner,What's Love Got to Do with It,1993,0
313,Anthony Hopkins,James Stevens,The Remains of the Day,1993,0
314,Liam Neeson,Oskar Schindler,Schindler's List,1993,0
315,Tom Hanks ,Forrest Gump,Forrest Gump,1994,1
316,Morgan Freeman,"Ellis Boyd ""Red"" Redding",The Shawshank Redemption,1994,0
317,Nigel Hawthorne,King George III,The Madness of King George,1994,0
318,Paul Newman,"Donald ""Sully"" Sullivan",Nobody's Fool,1994,0
319,John Travolta,Vincent Vega,Pulp Fiction,1994,0
320,Nicolas Cage ,Ben Sanderson,Leaving Las Vegas,1995,1
321,Richard Dreyfuss,Glenn Holland,Mr. Holland's Opus,1995,0
322,Anthony Hopkins,Richard Nixon,Nixon,1995,0
323,Sean Penn,Matthew Poncelet,Dead Man Walking,1995,0
324,Massimo Troisi (p.n.),Mario Ruoppolo,Il Postino: The Postman,1995,0
325,Geoffrey Rush ,David Helfgott,Shine,1996,1
326,Tom Cruise,Jerry Maguire,Jerry Maguire,1996,0
327,Ralph Fiennes,Count László de Almásy,The English Patient,1996,0
328,Woody Harrelson,Larry Flynt,The People vs. Larry Flynt,1996,0
329,Billy Bob Thornton,Karl Childers,Sling Blade,1996,0
330,Jack Nicholson ,Melvin Udall,As Good as It Gets,1997,1
331,Matt Damon,Will Hunting,Good Will Hunting,1997,0
332,Robert Duvall,"Euliss ""Sonny"" Dewey",The Apostle,1997,0
333,Peter Fonda,"Ulysses ""Ulee"" Jackson",Ulee's Gold,1997,0
334,Dustin Hoffman,Stanley Motss,Wag the Dog,1997,0
335,Roberto Benigni ,Guido Orefice,Life Is Beautiful,1998,1
336,Tom Hanks,Captain John H. Miller,Saving Private Ryan,1998,0
337,Ian McKellen,James Whale,Gods and Monsters,1998,0
338,Nick Nolte,Wade Whitehouse,Affliction,1998,0
339,Edward Norton,Derek Vinyard,American History X,1998,0
340,Kevin Spacey ,Lester Burnham,American Beauty,1999,1
341,Russell Crowe,Jeffrey Wigand,The Insider,1999,0
342,Richard Farnsworth,Alvin Straight,The Straight Story,1999,0
343,Sean Penn,Emmet Ray,Sweet and Lowdown,1999,0
344,Denzel Washington,"Rubin ""The Hurricane"" Carter",The Hurricane,1999,0
345,Russell Crowe ,Maximus Decimus Meridius,Gladiator,2000,1
346,Javier Bardem,Reinaldo Arenas,Before Night Falls,2000,0
347,Tom Hanks,Chuck Noland,Cast Away,2000,0
348,Ed Harris,Jackson Pollock,Pollock,2000,0
349,Geoffrey Rush,Marquis de Sade,Quills,2000,0
350,Denzel Washington ,Det. Sgt. Alonzo Harris,Training Day,2001,1
351,Russell Crowe,John Forbes Nash Jr.,A Beautiful Mind,2001,0
352,Sean Penn,Sam Dawson,I Am Sam,2001,0
353,Will Smith,Muhammad Ali,Ali,2001,0
354,Tom Wilkinson,Dr. Matt Fowler,In the Bedroom,2001,0
355,Adrien Brody ,Władysław Szpilman,The Pianist,2002,1
356,Nicolas Cage,Charlie Kaufman and Donald Kaufman,Adaptation,2002,0
357,Michael Caine,Thomas Fowler,The Quiet American,2002,0
358,Daniel Day-Lewis,"William ""Bill the Butcher"" Cutting",Gangs of New York,2002,0
359,Jack Nicholson,Warren R. Schmidt,About Schmidt,2002,0
360,Sean Penn ,Jimmy Markum,Mystic River,2003,1
361,Johnny Depp,Captain Jack Sparrow,Pirates of the Caribbean: The Curse of the Black Pearl,2003,0
362,Ben Kingsley,Colonel Massoud Amir Behrani,House of Sand and Fog,2003,0
363,Jude Law,W. P. Inman,Cold Mountain,2003,0
364,Bill Murray,Bob Harris,Lost in Translation,2003,0
365,Jamie Foxx ,Ray Charles,Ray,2004,1
366,Don Cheadle,Paul Rusesabagina,Hotel Rwanda,2004,0
367,Johnny Depp,J. M. Barrie,Finding Neverland,2004,0
368,Leonardo DiCaprio,Howard Hughes,The Aviator,2004,0
369,Clint Eastwood,Frankie Dunn,Million Dollar Baby,2004,0
370,Philip Seymour Hoffman ,Truman Capote,Capote,2005,1
371,Terrence Howard,Djay,Hustle & Flow,2005,0
372,Heath Ledger,Ennis Del Mar,Brokeback Mountain,2005,0
373,Joaquin Phoenix,Johnny Cash,Walk the Line,2005,0
374,David Strathairn,Edward R. Murrow,"Good Night, and Good Luck",2005,0
375,Forest Whitaker ,Idi Amin,The Last King of Scotland,2006,1
376,Leonardo DiCaprio,Danny Archer,Blood Diamond,2006,0
377,Ryan Gosling,Dan Dunne,Half Nelson,2006,0
378,Peter O'Toole,Maurice Russell,Venus,2006,0
379,Will Smith,Chris Gardner,The Pursuit of Happyness,2006,0
380,Daniel Day-Lewis ,Daniel Plainview,There Will Be Blood,2007,1
381,George Clooney,Michael Clayton,Michael Clayton,2007,0
382,Johnny Depp,Sweeney Todd / Benjamin Barker,Sweeney Todd: The Demon Barber of Fleet Street,2007,0
383,Tommy Lee Jones,Hank Deerfield,In the Valley of Elah,2007,0
384,Viggo Mortensen,Nikolai Luzhin,Eastern Promises,2007,0
385,Sean Penn ,Harvey Milk,Milk,2008,1
386,Richard Jenkins,Walter Vale,The Visitor,2008,0
387,Frank Langella,Richard Nixon,Frost/Nixon,2008,0
388,Brad Pitt,Benjamin Button,The Curious Case of Benjamin Button,2008,0
389,Mickey Rourke,"Randy ""The Ram"" Robinson",The Wrestler,2008,0
390,Jeff Bridges ,"Otis ""Bad"" Blake",Crazy Heart,2009,1
391,George Clooney,Ryan Bingham,Up in the Air,2009,0
392,Colin Firth,George Falconer,A Single Man,2009,0
393,Morgan Freeman,Nelson Mandela,Invictus,2009,0
394,Jeremy Renner,SFC William James,The Hurt Locker,2009,0
395,Colin Firth ,King George VI,The King's Speech,2010,1
396,Javier Bardem,Uxbal,Biutiful,2010,0
397,Jeff Bridges,"Reuben ""Rooster"" Cogburn",True Grit,2010,0
398,Jesse Eisenberg,Mark Zuckerberg,The Social Network,2010,0
399,James Franco,Aron Ralston,127 Hours,2010,0
400,Jean Dujardin ,George Valentin,The Artist,2011,1
401,Demián Bichir,Carlos Galindo,A Better Life,2011,0
402,George Clooney,Matthew King,The Descendants,2011,0
403,Gary Oldman,George Smiley,Tinker Tailor Soldier Spy,2011,0
404,Brad Pitt,Billy Beane,Moneyball,2011,0
405,Daniel Day-Lewis ,Abraham Lincoln,Lincoln,2012,1
406,Bradley Cooper,"Patrizio ""Pat"" Solitano, Jr.",Silver Linings Playbook,2012,0
407,Hugh Jackman,Jean Valjean,Les Misérables,2012,0
408,Joaquin Phoenix,Freddie Quell,The Master,2012,0
409,Denzel Washington,"William ""Whip"" Whitaker, Sr.",Flight,2012,0
410,Matthew McConaughey ,Ron Woodroof,Dallas Buyers Club,2013,1
411,Christian Bale,Irving Rosenfeld,American Hustle,2013,0
412,Bruce Dern,"Woodrow ""Woody"" Grant",Nebraska,2013,0
413,Leonardo DiCaprio,Jordan Belfort,The Wolf of Wall Street,2013,0
414,Chiwetel Ejiofor,Solomon Northup,12 Years a Slave,2013,0
415,Eddie Redmayne ,Stephen Hawking,The Theory of Everything,2014,1
416,Steve Carell,John du Pont,Foxcatcher,2014,0
417,Bradley Cooper,Chris Kyle,American Sniper,2014,0
418,Benedict Cumberbatch,Alan Turing,The Imitation Game,2014,0
419,Michael Keaton,Riggan Thomson,Birdman,2014,0
420,Leonardo DiCaprio ,Hugh Glass,The Revenant,2015,1
421,Bryan Cranston,Dalton Trumbo,Trumbo,2015,0
422,Matt Damon,Mark Watney,The Martian,2015,0
423,Michael Fassbender,Steve Jobs,Steve Jobs,2015,0
424,Eddie Redmayne,Lili Elbe,The Danish Girl,2015,0
425,Casey Affleck ,Lee Chandler,Manchester by the Sea,2016,1
426,Andrew Garfield,Desmond Doss,Hacksaw Ridge,2016,0
427,Ryan Gosling,Sebastian Wilder,La La Land,2016,0
428,Viggo Mortensen,Ben Cash,Captain Fantastic,2016,0
429,Denzel Washington,Troy Maxson,Fences,2016,0
430,Gary Oldman ,Winston Churchill,Darkest Hour,2017,1
431,Timothée Chalamet,Elio Perlman,Call Me by Your Name,2017,0
432,Daniel Day-Lewis,Reynolds Woodcock,Phantom Thread,2017,0
433,Daniel Kaluuya,Chris Washington,Get Out,2017,0
434,Denzel Washington,Roman J. Israel,"Roman J. Israel, Esq.",2017,0
435,Rami Malek ,Freddie Mercury,Bohemian Rhapsody,2018,1
436,Christian Bale,Dick Cheney,Vice,2018,0
437,Bradley Cooper,Jackson Maine,A Star Is Born,2018,0
438,Willem Dafoe,Vincent van Gogh,At Eternity's Gate,2018,0
439,Viggo Mortensen,"Tony ""Lip"" Vallelonga",Green Book,2018,0
440,Joaquin Phoenix ,Arthur Fleck / Joker,Joker,2019,1
441,Antonio Banderas,Salvador Mallo,Pain and Glory,2019,0
442,Leonardo DiCaprio,Rick Dalton,Once Upon a Time in Hollywood,2019,0
443,Adam Driver,Charlie Barber,Marriage Story,2019,0
444,Jonathan Pryce,Cardinal Jorge Mario Bergoglio,The Two Popes,2019,0
445,Anthony Hopkins ,Anthony,The Father,2020,1
446,Riz Ahmed,Ruben Stone,Sound of Metal,2020,0
447,Chadwick Boseman (p.n.),Levee Green,Ma Rainey's Black Bottom,2020,0
448,Gary Oldman,Herman J. Mankiewicz,Mank,2020,0
449,Steven Yeun,Jacob Yi,Minari,2020,0
450,Will Smith ,Richard Williams,King Richard,2021,1
451,Javier Bardem,Desi Arnaz,Being the Ricardos,2021,0
452,Benedict Cumberbatch,Phil Burbank,The Power of the Dog,2021,0
453,Andrew Garfield,Jonathan Larson,"Tick, Tick... Boom!",2021,0
454,Denzel Washington,Lord Macbeth,The Tragedy of Macbeth,2021,0
455,Austin Butler,Elvis Presley,Elvis,2022,0
456,Colin Farrell,Pádraic Súilleabháin,The Banshees of Inisherin,2022,0
457,Brendan Fraser,Charlie,The Whale,2022,0
458,Paul Mescal,Calum Paterson,Aftersun,2022,0
459,Bill Nighy,Rodney Williams,Living,2022,0
460,3,Daniel Day-Lewis,6,2022,0
461,2,Spencer Tracy,9,2022,0
462,Oldest Winner,Anthony Hopkins,The Father,2022,0
463,Youngest Winner,Adrien Brody,The Pianist,2022,0
464,Youngest Nominee,Jackie Cooper,Skippy,2022,0
